[
{"type": "CUSTOMER", "verb": "NEW", "key": "96f55c7d8f42", "event_time": "2017-01-06T12:46:46.384Z", "last_name": "Smith", "adr_city": "Middletown", "adr_state": "AK"},
{"type": "SITE_VISIT", "verb": "NEW", "key": "ac05e825502f", "event_time": "2017-01-06T12:45:52.041Z", "customer_id": "96f55c7d8f42", "tags": [{"sk1": "sv1"}]},
{"type": "IMAGE", "verb": "UPLOAD", "key": "d8ede43b1d9f", "event_time": "2017-01-06T12:47:12.344Z", "customer_id": "96f55c7d8f42", "camera_make": "Canon", "camera_model": "EOS 81D"},
{"type": "ORDER", "verb": "NEW", "key": "68d84e5d1a43", "event_time": "2017-01-06T12:55:55.555Z", "customer_id": "96f55c7d8f42", "total_amount": "11.01 USD"},
	
{"type": "CUSTOMER", "verb": "UPDATE", "key": "96f55c7d8f42", "event_time": "2017-01-07T12:46:46.384Z", "last_name": "Smith", "adr_city": "Middletown", "adr_state": "AK"},
{"type": "SITE_VISIT", "verb": "NEW", "key": "ac05e825502f", "event_time": "2017-01-07T12:45:52.041Z", "customer_id": "96f55c7d8f42", "tags": [{"sk1": "sv1"}]},
{"type": "IMAGE", "verb": "UPLOAD", "key": "d8ede43b1d9f", "event_time": "2017-01-07T12:47:12.344Z", "customer_id": "96f55c7d8f42", "camera_make": "Canon", "camera_model": "EOS 81D"},
{"type": "ORDER", "verb": "NEW", "key": "68d84e5d1a43", "event_time": "2017-01-07T12:55:55.555Z", "customer_id": "96f55c7d8f42", "total_amount": "12.01 USD"},

{"type": "CUSTOMER", "verb": "UPDATE", "key": "96f55c7d8f42", "event_time": "2017-01-08T12:46:46.384Z", "last_name": "Smith", "adr_city": "Middletown", "adr_state": "AK"},
{"type": "SITE_VISIT", "verb": "NEW", "key": "ac05e825502f", "event_time": "2017-01-08T12:45:52.041Z", "customer_id": "96f55c7d8f42", "tags": [{"sk1": "sv1"}]},
{"type": "IMAGE", "verb": "UPLOAD", "key": "d8ede43b1d9f", "event_time": "2017-01-08T12:47:12.344Z", "customer_id": "96f55c7d8f42", "camera_make": "Canon", "camera_model": "EOS 81D"},
{"type": "ORDER", "verb": "NEW", "key": "68d84e5d1a43", "event_time": "2017-01-08T12:55:55.555Z", "customer_id": "96f55c7d8f42", "total_amount": "13.01 USD"},


{"type": "CUSTOMER", "verb": "NEW", "key": "96f55c7d8f43", "event_time": "2017-01-07T12:46:46.384Z", "last_name": "Naveen", "adr_city": "Middletown", "adr_state": "CA"},
{"type": "SITE_VISIT", "verb": "NEW", "key": "ac05e835502f", "event_time": "2017-01-07T12:45:52.041Z", "customer_id": "96f55c7d8f43", "tags": [{"sk2": "sv2"}]},
{"type": "IMAGE", "verb": "UPLOAD", "key": "d8ede43b1d9f", "event_time": "2017-01-07T12:47:12.344Z", "customer_id": "96f55c7d8f43", "camera_make": "Nikon", "camera_model": "kOS 82D"},
{"type": "ORDER", "verb": "NEW", "key": "68d84e5d1a43", "event_time": "2017-01-07T12:55:55.555Z", "customer_id": "96f55c7d8f43", "total_amount": "11.78 USD"},

{"type": "CUSTOMER", "verb": "UPDATE", "key": "96f55c7d8f43", "event_time": "2017-01-08T12:46:46.384Z", "last_name": "Naveen", "adr_city": "Middletown", "adr_state": "CA"},
{"type": "SITE_VISIT", "verb": "NEW", "key": "ac05e835502f", "event_time": "2017-01-08T12:45:52.041Z", "customer_id": "96f55c7d8f43", "tags": [{"sk2": "sv2"}]},
{"type": "IMAGE", "verb": "UPLOAD", "key": "d8ede43b1d9f", "event_time": "2017-01-08T12:47:12.344Z", "customer_id": "96f55c7d8f43", "camera_make": "Nikon", "camera_model": "kOS 82D"},
{"type": "ORDER", "verb": "NEW", "key": "68d84e5d1a43", "event_time": "2017-01-08T12:55:55.555Z", "customer_id": "96f55c7d8f43", "total_amount": "12.78 USD"},

{"type": "CUSTOMER", "verb": "UPDATE", "key": "96f55c7d8f43", "event_time": "2017-01-09T12:46:46.384Z", "last_name": "Naveen", "adr_city": "Middletown", "adr_state": "CA"},
{"type": "SITE_VISIT", "verb": "NEW", "key": "ac05e835502f", "event_time": "2017-01-09T12:45:52.041Z", "customer_id": "96f55c7d8f43", "tags": [{"sk2": "sv2"}]},
{"type": "IMAGE", "verb": "UPLOAD", "key": "d8ede43b1d9f", "event_time": "2017-01-09T12:47:12.344Z", "customer_id": "96f55c7d8f43", "camera_make": "Nikon", "camera_model": "kOS 82D"},
{"type": "ORDER", "verb": "NEW", "key": "68d84e5d1a43", "event_time": "2017-01-09T12:55:55.555Z", "customer_id": "96f55c7d8f43", "total_amount": "13.78 USD"},

{"type": "CUSTOMER", "verb": "UPDATE", "key": "96f55c7d8f43", "event_time": "2017-01-10T12:46:46.384Z", "last_name": "Naveen", "adr_city": "Middletown", "adr_state": "CA"},
{"type": "SITE_VISIT", "verb": "NEW", "key": "ac05e835502f", "event_time": "2017-01-10T12:45:52.041Z", "customer_id": "96f55c7d8f43", "tags": [{"sk2": "sv2"}]},
{"type": "IMAGE", "verb": "UPLOAD", "key": "d8ede43b1d9f", "event_time": "2017-01-07T12:47:12.344Z", "customer_id": "96f55c7d8f43", "camera_make": "Nikon", "camera_model": "kOS 82D"},
{"type": "ORDER", "verb": "NEW", "key": "68d84e5d1a43", "event_time": "2017-01-07T12:55:55.555Z", "customer_id": "96f55c7d8f43", "total_amount": "15.78 USD"},

{"type": "CUSTOMER", "verb": "UPDATE", "key": "96f55c7d8f43", "event_time": "2017-01-10T12:46:46.384Z", "last_name": "Naveen", "adr_city": "Middletown", "adr_state": "CA"},
{"type": "SITE_VISIT", "verb": "NEW", "key": "ac05e835502f", "event_time": "2017-01-10T12:45:52.041Z", "customer_id": "96f55c7d8f43", "tags": [{"sk2": "sv2"}]},
{"type": "IMAGE", "verb": "UPLOAD", "key": "d8ede43b1d9f", "event_time": "2017-01-10T12:47:12.344Z", "customer_id": "96f55c7d8f43", "camera_make": "Nikon", "camera_model": "kOS 82D"},
{"type": "ORDER", "verb": "NEW", "key": "68d84e5d1a43", "event_time": "2017-01-10T12:55:55.555Z", "customer_id": "96f55c7d8f43", "total_amount": "15.78 USD"},

{"type": "CUSTOMER", "verb": "NEW", "key": "96f55c7d8f44", "event_time": "2017-01-06T12:46:46.384Z", "last_name": "Pedamalla", "adr_city": "Middletown", "adr_state": "KA"},
{"type": "SITE_VISIT", "verb": "NEW", "key": "ac05e845502f", "event_time": "2017-01-06T12:45:52.041Z", "customer_id": "96f55c7d8f44", "tags": [{"sk3": "sv3"}]},
{"type": "IMAGE", "verb": "UPLOAD", "key": "d8ede43b1d9f", "event_time": "2017-01-06T12:47:12.344Z", "customer_id": "96f55c7d8f44", "camera_make": "Ooru", "camera_model": "DOS 83D"},
{"type": "ORDER", "verb": "NEW", "key": "68d84e5d1a43", "event_time": "2017-01-06T12:55:55.555Z", "customer_id": "96f55c7d8f44", "total_amount": "5.34 USD"},

{"type": "CUSTOMER", "verb": "UPDATE", "key": "96f55c7d8f44", "event_time": "2017-01-07T12:46:46.384Z", "last_name": "Pedamalla", "adr_city": "Middletown", "adr_state": "KA"},
{"type": "SITE_VISIT", "verb": "NEW", "key": "ac05e845502f", "event_time": "2017-01-07T12:45:52.041Z", "customer_id": "96f55c7d8f44", "tags": [{"sk3": "sv3"}]},
{"type": "IMAGE", "verb": "UPLOAD", "key": "d8ede43b1d9f", "event_time": "2017-01-07T12:47:12.344Z", "customer_id": "96f55c7d8f44", "camera_make": "Ooru", "camera_model": "DOS 83D"},
{"type": "ORDER", "verb": "NEW", "key": "68d84e5d1a43", "event_time": "2017-01-07T12:55:55.555Z", "customer_id": "96f55c7d8f44", "total_amount": "6.34 USD"},

{"type": "CUSTOMER", "verb": "UPDATE", "key": "96f55c7d8f44", "event_time": "2017-01-08T12:46:46.384Z", "last_name": "Pedamalla", "adr_city": "Middletown", "adr_state": "KA"},
{"type": "SITE_VISIT", "verb": "NEW", "key": "ac05e845502f", "event_time": "2017-01-08T12:45:52.041Z", "customer_id": "96f55c7d8f44", "tags": [{"sk3": "sv3"}]},
{"type": "IMAGE", "verb": "UPLOAD", "key": "d8ede43b1d9f", "event_time": "2017-01-08T12:47:12.344Z", "customer_id": "96f55c7d8f44", "camera_make": "Ooru", "camera_model": "DOS 83D"},
{"type": "ORDER", "verb": "NEW", "key": "68d84e5d1a43", "event_time": "2017-01-08T12:55:55.555Z", "customer_id": "96f55c7d8f44", "total_amount": "9.34 USD"},

{"type": "CUSTOMER", "verb": "UPDATE", "key": "96f55c7d8f44", "event_time": "2017-01-09T12:46:46.384Z", "last_name": "Pedamalla", "adr_city": "Middletown", "adr_state": "KA"},
{"type": "SITE_VISIT", "verb": "NEW", "key": "ac05e845502f", "event_time": "2017-01-09T12:45:52.041Z", "customer_id": "96f55c7d8f44", "tags": [{"sk3": "sv3"}]},
{"type": "IMAGE", "verb": "UPLOAD", "key": "d8ede43b1d9f", "event_time": "2017-01-09T12:47:12.344Z", "customer_id": "96f55c7d8f44", "camera_make": "Ooru", "camera_model": "DOS 83D"},
{"type": "ORDER", "verb": "NEW", "key": "68d84e5d1a43", "event_time": "2017-01-09T12:55:55.555Z", "customer_id": "96f55c7d8f44", "total_amount": "1.34 USD"},

{"type": "CUSTOMER", "verb": "UPDATE", "key": "96f55c7d8f45", "event_time": "2017-01-08T12:46:46.384Z", "last_name": "Sureendar", "adr_city": "Middletown", "adr_state": "AZ"},
{"type": "SITE_VISIT", "verb": "NEW", "key": "ac05e855502f", "event_time": "2017-01-08T12:45:52.041Z", "customer_id": "96f55c7d8f45", "tags": [{"sk4": "sv4"}]},
{"type": "IMAGE", "verb": "UPLOAD", "key": "d8ede43b1d9f", "event_time": "2017-01-08T12:47:12.344Z", "customer_id": "96f55c7d8f45", "camera_make": "Canon", "camera_model": "EOS 84D"},
{"type": "ORDER", "verb": "NEW", "key": "68d84e5d1a43", "event_time": "2017-01-08T12:55:55.555Z", "customer_id": "96f55c7d8f45", "total_amount": "10.34 USD"},

{"type": "CUSTOMER", "verb": "NEW", "key": "96f55c7d8f46", "event_time": "2017-01-09T12:46:46.384Z", "last_name": "Mahesh", "adr_city": "Middletown", "adr_state": "CO"},
{"type": "SITE_VISIT", "verb": "NEW", "key": "ac05e865502f", "event_time": "2017-01-09T12:45:52.041Z", "customer_id": "96f55c7d8f46", "tags": [{"sk5": "sv5"}]},
{"type": "IMAGE", "verb": "UPLOAD", "key": "d8ede43b1d9f", "event_time": "2017-01-09T12:47:12.344Z", "customer_id": "96f55c7d8f46", "camera_make": "Koyono", "camera_model": "LOS 85D"},
{"type": "ORDER", "verb": "NEW", "key": "68d84e5d1a43", "event_time": "2017-01-09T12:55:55.555Z", "customer_id": "96f55c7d8f46", "total_amount": "16.04 USD"},

{"type": "CUSTOMER", "verb": "UPDATE", "key": "96f55c7d8f46", "event_time": "2017-01-09T12:46:46.384Z", "last_name": "Mahesh", "adr_city": "Middletown", "adr_state": "CO"},
{"type": "SITE_VISIT", "verb": "NEW", "key": "ac05e865502f", "event_time": "2017-01-09T12:45:52.041Z", "customer_id": "96f55c7d8f46", "tags": [{"sk5": "sv5"}]},
{"type": "IMAGE", "verb": "UPLOAD", "key": "d8ede43b1d9f", "event_time": "2017-01-09T12:47:12.344Z", "customer_id": "96f55c7d8f46", "camera_make": "Koyono", "camera_model": "LOS 85D"},
{"type": "ORDER", "verb": "NEW", "key": "68d84e5d1a43", "event_time": "2017-01-09T12:55:55.555Z", "customer_id": "96f55c7d8f46", "total_amount": "16.04 USD"},

{"type": "CUSTOMER", "verb": "UPDATE", "key": "96f55c7d8f46", "event_time": "2017-01-09T12:46:46.384Z", "last_name": "Mahesh", "adr_city": "Middletown", "adr_state": "CO"},
{"type": "SITE_VISIT", "verb": "NEW", "key": "ac05e865502f", "event_time": "2017-01-09T12:45:52.041Z", "customer_id": "96f55c7d8f46", "tags": [{"sk5": "sv5"}]},
{"type": "IMAGE", "verb": "UPLOAD", "key": "d8ede43b1d9f", "event_time": "2017-01-09T12:47:12.344Z", "customer_id": "96f55c7d8f46", "camera_make": "Koyono", "camera_model": "LOS 85D"},
{"type": "ORDER", "verb": "UPDATE", "key": "68d84e5d1a43", "event_time": "2017-01-09T12:55:55.555Z", "customer_id": "96f55c7d8f46", "total_amount": "16.04 USD"},

{"type": "CUSTOMER", "verb": "NEW", "key": "96f55c7d8f47", "event_time": "2017-01-10T12:46:46.384Z", "last_name": "Ramesh", "adr_city": "Middletown", "adr_state": "WA"},
{"type": "SITE_VISIT", "verb": "NEW", "key": "ac05e875502f", "event_time": "2017-01-10T12:45:52.041Z", "customer_id": "96f55c7d8f47", "tags": [{"sk6": "sv6"}]},
{"type": "IMAGE", "verb": "UPLOAD", "key": "d8ede43b1d9f", "event_time": "2017-01-10T12:47:12.344Z", "customer_id": "96f55c7d8f47", "camera_make": "Canon", "camera_model": "EOS 86D"},
{"type": "ORDER", "verb": "NEW", "key": "68d84e5d1a43", "event_time": "2017-01-10T12:55:55.555Z", "customer_id": "96f55c7d8f47", "total_amount": "18.32 USD"},

{"type": "CUSTOMER", "verb": "NEW", "key": "96f55c7d8f48", "event_time": "2017-01-11T12:46:46.384Z", "last_name": "Tasleem", "adr_city": "Middletown", "adr_state": "DE"},
{"type": "SITE_VISIT", "verb": "NEW", "key": "ac05e885502f", "event_time": "2017-01-11T12:45:52.041Z", "customer_id": "96f55c7d8f48", "tags": [{"sk7": "sv7"}]},
{"type": "IMAGE", "verb": "UPLOAD", "key": "d8ede43b1d9f", "event_time": "2017-01-11T12:47:12.344Z", "customer_id": "96f55c7d8f48", "camera_make": "Canon", "camera_model": "COS 87D"},
{"type": "ORDER", "verb": "NEW", "key": "68d84e5d1a43", "event_time": "2017-01-11T12:55:55.555Z", "customer_id": "96f55c7d8f48", "total_amount": "22.38 USD"},

{"type": "CUSTOMER", "verb": "UPDATE", "key": "96f55c7d8f49", "event_time": "2017-02-06T12:46:46.384Z", "last_name": "Jaffa", "adr_city": "Middletown", "adr_state": "IL"},
{"type": "SITE_VISIT", "verb": "NEW", "key": "ac05e895502f", "event_time": "2017-02-06T12:45:52.041Z", "customer_id": "96f55c7d8f49", "tags": [{"sk8": "sv8"}]},
{"type": "IMAGE", "verb": "UPLOAD", "key": "d8ede43b1d9f", "event_time": "2017-02-06T12:47:12.344Z", "customer_id": "96f55c7d8f49", "camera_make": "Canon", "camera_model": "TOS 88D"},
{"type": "ORDER", "verb": "NEW", "key": "68d84e5d1a43", "event_time": "2017-02-06T12:55:55.555Z", "customer_id": "96f55c7d8f49", "total_amount": "24.36 USD"},

{"type": "CUSTOMER", "verb": "NEW", "key": "96f55c7d8f50", "event_time": "2017-01-05T12:46:46.384Z", "last_name": "PawanKalyan", "adr_city": "Middletown", "adr_state": "FL"},
{"type": "SITE_VISIT", "verb": "NEW", "key": "ac05e905502f", "event_time": "2017-01-05T12:45:52.041Z", "customer_id": "96f55c7d8f50", "tags": [{"sk9": "sv9"}]},
{"type": "IMAGE", "verb": "UPLOAD", "key": "d8ede43b1d9f", "event_time": "2017-01-05T12:47:12.344Z", "customer_id": "96f55c7d8f50", "camera_make": "Canon", "camera_model": "MOS 89D"},
{"type": "ORDER", "verb": "NEW", "key": "68d84e5d1a43", "event_time": "2017-01-05T12:55:55.555Z", "customer_id": "96f55c7d8f50", "total_amount": "13.54 USD"},

{"type": "CUSTOMER", "verb": "UPDATE", "key": "96f55c7d8f51", "event_time": "2017-01-03T12:46:46.384Z", "last_name": "RamCharan", "adr_city": "Middletown", "adr_state": "TX"},
{"type": "SITE_VISIT", "verb": "NEW", "key": "ac05e915502f", "event_time": "2017-01-03T12:45:52.041Z", "customer_id": "96f55c7d8f51", "tags": [{"sk10": "sv10"}]},
{"type": "IMAGE", "verb": "UPLOAD", "key": "d8ede43b1d9f", "event_time": "2017-01-03T12:47:12.344Z", "customer_id": "96f55c7d8f51", "camera_make": "Canon", "camera_model": "FOS 90D"},
{"type": "ORDER", "verb": "NEW", "key": "68d84e5d1a43", "event_time": "2017-01-03T12:55:55.555Z", "customer_id": "96f55c7d8f51", "total_amount": "19.14 USD"},


{"type": "CUSTOMER", "verb": "UPDATE", "key": "96f55c7d8f42", "event_time": "2017-01-09T12:46:46.384Z", "last_name": "Smith", "adr_city": "Middletown", "adr_state": "AK"},
{"type": "SITE_VISIT", "verb": "NEW", "key": "ac05e825502f", "event_time": "2017-01-09T12:45:52.041Z", "customer_id": "96f55c7d8f42", "tags": [{"sk1": "sv1"}]},
{"type": "IMAGE", "verb": "UPLOAD", "key": "d8ede43b1d9f", "event_time": "2017-01-09T12:47:12.344Z", "customer_id": "96f55c7d8f42", "camera_make": "Canon", "camera_model": "EOS 81D"},
{"type": "ORDER", "verb": "NEW", "key": "68d84e5d1a43", "event_time": "2017-01-09T12:55:55.555Z", "customer_id": "96f55c7d8f42", "total_amount": "14.01 USD"}

]


